Course_Name,Rating,Organization,Link,About,Skills
Data Engineer,intermediate5 Months4.6 stars1343 reviews,School of Data Science,https://www.udacity.com//course/data-engineer-nanodegree--nd027,"Data Engineering is the foundation for the new world of Big Data. Enroll now to build production-ready data infrastructure, an essential skill for advancing your data career.","Data Modeling, Data Pipelines, Data Lakes, Spark, Airflow"
Data Scientist,advanced4 Months4.7 stars984 reviews,School of Data Science,https://www.udacity.com//course/data-scientist-nanodegree--nd025,"Build effective machine learning models, run data pipelines, build recommendation systems, and deploy solutions to the cloud with industry-aligned projects.","Machine Learning, Deep Learning, Software Engineering"
Data Analyst,intermediate4 Months4.6 stars3145 reviews,School of Data Science,https://www.udacity.com//course/data-analyst-nanodegree--nd002,"Use Python, SQL, and statistics to uncover insights, communicate critical findings, and create data-driven solutions.","Data Wrangling, Matplotlib, Bootstrapping, Pandas &amp; NumPy, Statistics"
Programming for Data Science with Python,beginner3 Months4.8 stars1006 reviews,School of Data Science,https://www.udacity.com//course/programming-for-data-science-nanodegree--nd104,"Learn the fundamental programming tools for data professionals: Python, SQL, the Terminal and Git.","Python, Numpy &amp; Pandas, SQL, Git &amp; GitHub"
C++,intermediate4 Months4.6 stars912 reviews,School of Autonomous Systems,https://www.udacity.com//course/c-plus-plus-nanodegree--nd213,Get hands-on experience by building five real-world projects.,"Data Structures &amp; Algorithms, Memory Management, Concurrency, Object-oriented Programming, C++"
Product Manager,beginner4 Months4.7 stars612 reviews,School of Product Management,https://www.udacity.com//course/product-manager-nanodegree--nd036,"Envision and execute the development of industry-defining products, and learn how to successfully bring them to market.","Product Strategy, Product Design, Product Development, Design Sprint, Product Launch"
Business Analytics,beginner3 Months4.7 stars1536 reviews,School of Business,https://www.udacity.com//course/business-analytics-nanodegree--nd098,"Gain foundational data skills applicable to any industry. Collect and analyze data, model business scenarios, and communicate your findings with SQL, Excel, and Tableau.","Excel &amp; Spreadsheets, SQL, Data Visualization, Data Dashboards"
Introduction to Programming,beginner4 Months4.7 stars3397 reviews,School of Programming & Development,https://www.udacity.com//course/intro-to-programming-nanodegree--nd000,"Udacity's Intro to Programming is your first step towards careers in Web and App Development, Machine Learning, Data Science, AI, and more! This program is perfect for beginners.","Introduction to Programming, HTML, CSS, Python"
Digital Marketing,beginner3 Months4.7 stars2077 reviews,School of Business,https://www.udacity.com//course/digital-marketing-nanodegree--nd018,Gain real-world experience running live campaigns as you learn from top experts in the field. Launch your career with a 360-degree understanding of digital marketing.,"Digital Marketing, Social Media Marketing, Facebook Marketing, Search Engine Optimization, Search Engine Marketing, Display Ads, Search Ads"
Deep Learning,intermediate4 Months4.7 stars3128 reviews,School of Artificial Intelligence,https://www.udacity.com//course/deep-learning-nanodegree--nd101,Deep learning is driving advances in artificial intelligence that are changing our world. Enroll now to build and apply your own deep neural networks to produce amazing solutions to important challenges.,"Deep Learning,  Neural Networks,  Jupyter Notebooks,  CNNs,  GANs"
Blockchain Developer,intermediate5 Months4.5 stars358 reviews,School of Programming & Development,https://www.udacity.com//course/blockchain-developer-nanodegree--nd1309,"Demand for blockchain developers is skyrocketing. In this program, you'll work with the Bitcoin and Ethereum protocols, build projects for real-world application, and gain the essential skills for a career in this dynamic space.","Ethereum Blockchain, Blockchain Architecture, Data Auditing"
UX Designer,beginner3 Months4.7 stars830 reviews,School of Product Management,https://www.udacity.com//course/ux-designer-nanodegree--nd578,Design impactful user experiences for products in today’s digital world.,"User Research, User Experience, Prototyping, Interactive Design, User Interface Design, Usability Testing"
Artificial Intelligence for Trading,intermediate6 Months4.6 stars702 reviews,School of Artificial Intelligence,https://www.udacity.com//course/ai-for-trading--nd880,"Complete real-world projects designed by industry experts, covering topics from asset management to trading signal generation. Master AI algorithms for trading, and build your career-ready portfolio.","Momentum Trading Strategy, Smart Beta, Alpha Factors, Natural Language Processing, Deep Learning, Neural Networks"
Machine Learning Engineer,intermediate3 Months4.6 stars922 reviews,School of Artificial Intelligence,https://www.udacity.com//course/machine-learning-engineer-nanodegree--nd009t,"Become a machine learning engineer and apply predictive models to massive data sets in fields like education, finance, healthcare or robotics.","Machine Learning, Supervised Learning, Unsupervised Learning, Deep Learning"
AI Programming with Python,beginner3 Months4.6 stars996 reviews,School of Artificial Intelligence,https://www.udacity.com//course/ai-programming-python-nanodegree--nd089,"Learn Python, NumPy, Pandas, Matplotlib, PyTorch, Calculus, and Linear Algebra—the foundations for building your own neural network.","Python, NumPy, Pandas, Matplotlib, PyTorch"
Front End Web Developer,intermediate4 Months4.6 stars1019 reviews,School of Programming & Development,https://www.udacity.com//course/front-end-web-developer-nanodegree--nd0011,Learn how to build high quality websites and dynamic applications to create stunning user experiences for the web.,"JavaScript, HTML, CSS, Webpack, Flexbox, Node, Object-oriented Programming"
Full Stack Web Developer,intermediate4 Months4.5 stars643 reviews,School of Programming & Development,https://www.udacity.com//course/full-stack-web-developer-nanodegree--nd0044,"Learn to design and develop powerful modern web applications that form the foundation for the apps, websites, and systems that people and businesses use every day.","Python, JavaScript, PostgreSQL, Flask, Docker, Kubernetes"
SQL,beginner2 Months4.6 stars214 reviews,School of Data Science,https://www.udacity.com//course/learn-sql--nd072,"Master SQL, the core language for Big Data analysis, and enable insight-driven decision-making and strategy for your business.","SQL, PostgreSQL, JOINs, Subqueries, Window Functions, Partitions, Data Cleaning, DDL, DML, Relational and Non-Relational Databases"
Machine Learning DevOps Engineer,advanced4 Months,School of Artificial Intelligence,https://www.udacity.com//course/machine-learning-dev-ops-engineer-nanodegree--nd0821,"In this program,you will build theDevOps skills required to automate the various aspects and stages of machine learning model building and monitoring.","API development,  Automated model scoring,  CI/CD,  Model testing,  Data Version Control,  Machine Learning Pipelines"
Intermediate Python,intermediate2 Months4.4 stars59 reviews,School of Programming & Development,https://www.udacity.com//course/intermediate-python-nanodegree--nd303,"The Intermediate Python Nanodegree program teaches intermediate-level skills for programming with the Python language.  It is ideal for developers interested in using Python to build more complex algorithms with greater capabilities in preparation for a variety of different roles spanning fields like data science, AI, and software engineering.","Python, Object-oriented programming, Modular code, Python Package Index"
React,intermediate12 Weeks4.6 stars1100 reviews,School of Programming & Development,https://www.udacity.com//course/react-nanodegree--nd019,React is completely transforming Front-End Development. Master this powerful UI library from Facebook with Udacity.,"React, Redux, React Native"
Java Developer,intermediate4 Months4.4 stars283 reviews,School of Programming & Development,https://www.udacity.com//course/java-developer-nanodegree--nd035,Learn back-end development with the Java programming language,"Java, Spring Boot, Rest API, MySQL, MongoDB"
AI for Healthcare,advanced4 Months4.6 stars124 reviews,School of Artificial Intelligence,https://www.udacity.com//course/ai-for-healthcare-nanodegree--nd320,"Be at the forefront of the revolution of AI in Healthcare, and transform patient outcomes. Enable enhanced medical decision-making powered by machine learning to build the treatments of the future.","Artificial Intelligence, 2D Medical Imaging, 3D Medical Imaging, Electronic Health Record Data, Deep Learning, Wearable Device Data, Supervised Learning"
Data Product Manager,intermediate3 Months4.4 stars161 reviews,School of Product Management,https://www.udacity.com//course/data-product-manager-nanodegree--nd030,"Hone specialized skills in Data Product Management by learning how to apply data science best practices to build data-driven products backed by scalable data strategies to deliver the right experience to the right users, at the right time.","Data Science, Product Management, Product Design, Data Visualization, User Journey Maps"
Full Stack JavaScript Developer,intermediate4 Months,School of Programming & Development,https://www.udacity.com//course/full-stack-javascript-developer-nanodegree--nd0067,"You’ll master the skills necessary to become a successful full stack developer. Learn how to build UI and UX, create APIs and server side business logic and develop the persistence layer to store, process and retrieve data.","Creating an API,  Databases and SQL,  Node.js,  Angular,  TypeScript,  Deployment"
Data Structures and Algorithms,intermediate4 Months4.7 stars728 reviews,School of Programming & Development,https://www.udacity.com//course/data-structures-and-algorithms-nanodegree--nd256,Get hands-on practice with over 100 data structures and algorithm exercises and technical mentor support when needed to help prepare you for interviews and on-the-job scenarios.,"Data Structures and Algorithms, Problem Solving, Interview Practice Problems, Python"
Java Programming,beginner3 Months,School of Programming & Development,https://www.udacity.com//course/java-programming-nanodegree--nd079,"This Nanodegree program is intended to elevate your Java abilities and teach you the fundamental skills used by Java developers to design, code, test and deploy cutting-edge Java software. It is ideal for programming beginners with little or no Java experience who want to set themselves up for success as a professional Java developer and deploy functional Java-based applications of their own creation.","Object-oriented programming,  functional programming,  I/O,  reflection,  concurrent programming,  Java modules"
Android Kotlin Developer,intermediate4 Months4.7 stars237 reviews,School of Programming & Development,https://www.udacity.com//course/android-kotlin-developer-nanodegree--nd940,"Master Android app development with Kotlin, a modern programming language that enables developers to be more productive.","Android Development, Kotlin, Android Studio, Gradle, RESTful interfaces, Web APIs, App Architecture, Databases, Custom Views, Notifications, Location Services, Testing, Firebase"
AI Product Manager,beginner2 Months4.3 stars496 reviews,School of Product Management,https://www.udacity.com//course/ai-product-manager-nanodegree--nd088,Learn to develop AI products that deliver business value. Build skills that help you compete in the new AI-powered world.,"AI Products, Training ML Models, Annotating Datasets, Prototyping a Product"
Deep Reinforcement Learning,advanced3 Months4.7 stars457 reviews,School of Artificial Intelligence,https://www.udacity.com//course/deep-reinforcement-learning-nanodegree--nd893,Master the deep reinforcement learning skills that are powering amazing advances in AI. Then start applying these to applications like video games and robotics.,"Reinforcement Learning, Neural Networks, PyTorch, Deep Q-Networks (DQN), Deep Deterministic Policy Gradients (DDPG)"
Cloud DevOps Engineer,intermediate4 Months4.6 stars663 reviews,School of Cloud Computing,https://www.udacity.com//course/cloud-dev-ops-nanodegree--nd9991,"Companies are looking for talented DevOps engineers to remain competitive in this agile world. Enroll now to operationalize infrastructure at scale and deliver applications and services at high velocity, an essential skill for advancing your career.","AWS, Configuration Management with Ansible, Continuous Integration / Continuous Deployment, Microservices with Kubernetes, CloudFormation"
Computer Vision,advanced3 Months4.7 stars714 reviews,School of Artificial Intelligence,https://www.udacity.com//course/computer-vision-nanodegree--nd891,"Learn the computer vision skills behind advances in robotics and automation. Write programs to analyze images, implement feature extraction, and recognize objects using deep learning models.","Convolutional Neural Networks, Recurrent Neural Networks, Simultaneous Localization and Mapping, Object Tracking, Image Classification, Deep Learning"
Robotics Software Engineer,advanced4 Months4.5 stars512 reviews,School of Autonomous Systems,https://www.udacity.com//course/robotics-software-engineer--nd209,"Build five hands-on projects to acquire core robotics software engineering skills: ROS, Gazebo, Localization, Mapping, SLAM, Navigation, and Path Planning.","C++, ROS, Localization, Mapping, SLAM, Navigation, Path Planning, Robot Operating System, Robotics"
Natural Language Processing,advanced3 Months4.5 stars465 reviews,School of Artificial Intelligence,https://www.udacity.com//course/natural-language-processing-nanodegree--nd892,"Learn the skills to get computers to understand, process, and respond to human language. Build models on real data, and get hands-on experience with sentiment analysis, machine translation, and more.","Machine Learning, Speech Recognition, Sentiment Analysis, Machine Translation, Part of Speech Tagging"
Data Architect,advanced4 Months4.4 stars63 reviews,School of Data Science,https://www.udacity.com//course/data-architect-nanodegree--nd038,"Learn how to plan, design and implement enterprise data infrastructure solutions and create the blueprints for your organization’s data success.","Entity relationship diagrams,  Relational Data Design,  Online Analytical Processing,  Operational Data Stores,  Data Lake Architecture,  Data Governance
"
Cloud Developer,intermediate4 Months4.4 stars663 reviews,School of Cloud Computing,https://www.udacity.com//course/cloud-developer-nanodegree--nd9990,"Cloud development is the foundation for the new world of software development. Enroll now to build and deploy production-ready full stack apps at scale on AWS, an essential skill for advancing your web development career.","AWS, Microservices, Serverless Architecture, Kubernetes"
Intro to Self-Driving Cars,intermediate4 Months4.6 stars729 reviews,School of Autonomous Systems,https://www.udacity.com//course/intro-to-self-driving-cars--nd113,This introductory program is the perfect way to start your journey.,"Computer Vision, Machine Learning, Vehicle Motion, Control"
Cloud Native Application Architecture,intermediate4 Months,School of Cloud Computing,https://www.udacity.com//course/cloud-native-application-architecture-nanodegree--nd064,"You’ll master the skills necessary to become a successful cloud native architect. Learn to run and manage scalable applications in a cloud native environment, using open source tools and projects like ArgoCD, gRPC, and Grafana.","Microservice architecture,  Kubernetes,  Continuous Integration,  Continuous Delivery,  Message Passing,  Observability,  Microservices security"
Data Streaming,advanced2 Months4.3 stars195 reviews,School of Data Science,https://www.udacity.com//course/data-streaming-nanodegree--nd029,Learn how to stream data to unlock key insights in real-time.,"Data Streaming, Spark, Kafka, Kafka Streaming, Spark Streaming"
Introduction to Cybersecurity,beginner4 Months4.5 stars81 reviews,School of Cybersecurity,https://www.udacity.com//course/intro-to-cybersecurity-nanodegree--nd545,"Get your start in the high growth field of cybersecurity by building foundational skills in how to evaluate, maintain and monitor the security of computer systems.","Threat Assessment, Security Vulnerabilities, Compliance, Governance, Risk, Incident Response"
Data Analysis and Visualization with Power BI,beginner3 Months,School of Data Science,https://www.udacity.com//course/data-analysis-and-visualization-with-power-BI-nanodegree--nd331,"You’ll master the in-demand skills necessary to become a successful data analyst like data pre-processing, visualization and analysis using Power BI as the primary tool.","Power BI,  data visulations,  data modeling,  Extract-Transform-Load,  Data Analytics Expressions"
Intro to Machine Learning with PyTorch,intermediate3 Months4.7 stars389 reviews,School of Artificial Intelligence,https://www.udacity.com//course/intro-to-machine-learning-nanodegree--nd229,"Build a solid foundation in Supervised, Unsupervised, and Deep Learning. Then, use these skills to test and deploy machine learning models in a production environment.","Introduction to Machine Learning, Supervised Learning, Deep Learning, Unsupervised Learning"
Sensor Fusion Engineer,advanced4 Months4.7 stars263 reviews,School of Autonomous Systems,https://www.udacity.com//course/sensor-fusion-engineer-nanodegree--nd313,"Learn to fuse lidar point clouds, radar signatures, and camera images using Kalman Filters to perceive the environment and detect and track vehicles and pedestrians over time.","Perception, Lidar, Radar, Sensors, Computer Vision"
Agile Software Development,beginner3 Months4.6 stars75 reviews,School of Product Management,https://www.udacity.com//course/agile-software-development-nanodegree--nd144,"The Agile Software Development Nanodegree program equips you with the skills you need to guide the delivery of high value products with top notch software development teams.
","Agile, Scrum, Kanban, XP, Minimum Viable Product"
Intro to Machine Learning with TensorFlow,intermediate3 Months4.7 stars313 reviews,School of Artificial Intelligence,https://www.udacity.com//course/intro-to-machine-learning-with-tensorflow-nanodegree--nd230,"Build a solid foundation in Supervised, Unsupervised, and Deep Learning. Then, use these skills to test and deploy machine learning models in a production environment.","TensorFlow, Deep Learning, scikit-learn, Supervised Learning, Unsupervised Learning"
Ethical Hacker,advanced2 Months,School of Cybersecurity,https://www.udacity.com//course/ethical-hacker-nanodegree--nd350,"Master the skills necessary to become a successful Ethical Hacker. Learn how to find and exploit vulnerabilities and weaknesses in various systems, design and execute a penetration testing plan, and report on test findings using valid evidence.","Vulnerability Management,  Penetration Testing,  Reconnaissance,  Social Engineering,  Open-source intelligence,  System and Application Auditing"
AWS Cloud Architect,advanced3 Months4.6 stars187 reviews,School of Cloud Computing,https://www.udacity.com//course/aws-cloud-architect-nanodegree--nd063,"Lead your organization's cloud computing strategy as an AWS Cloud Architect. Plan, design, and build secure, high availability cloud infrastructure.","Cloud Infrastructure, Cloud Security, AWS, CloudFormation, High Availability Infrastructure, Serverless Computing"
iOS Developer,beginner6 Months4.6 stars855 reviews,School of Programming & Development,https://www.udacity.com//course/ios-developer-nanodegree--nd003,"Master the Swift programming language, and create a portfolio of iOS apps for iPhone and iPad to showcase your skills!","Swift programming, Core Data, UIKit, iOS networking, app publishing, User interfaces, Local Persistence, APIs"
Cloud Developer using Microsoft Azure,intermediate4 Months,School of Cloud Computing,https://www.udacity.com//course/cloud-developer-using-microsoft-azure-nanodegree--nd081,"The Cloud Developer using Microsoft Azure program prepares students with critical cloud computing skills in how to deploy, build, migrate, and monitor applications on Azure.","Virtual Machines,  App Services,  Microservices,  Serverless Functions,  Cloud Migration"
Intermediate JavaScript,intermediate3 Months4.4 stars120 reviews,School of Programming & Development,https://www.udacity.com//course/intermediate-javascript-nanodegree--nd032,"Master JavaScript, the most popular programming language in the world. Be equipped for advanced roles in web development, server-side application development, and desktop development.","Functional Programming, DOM, Data Structures, Asynchronous Programming, Synchronous Programming"
AI for Business Leaders,intermediate2 Months4.6 stars67 reviews,School of Business,https://www.udacity.com//course/ai-for-business-leaders--nd054,"Master the foundations of artificial intelligence so you can strategically implement machine learning technology in your organization, and leverage it for corporate growth.","Artificial Intelligence, Machine Learning, Business Strategy, Data Labeling, Data Modeling"
Predictive Analytics For Business,beginner160 Hours4.7 stars461 reviews,School of Business,https://www.udacity.com//course/predictive-analytics-for-business-nanodegree--nd008t,"Predictive analytics is the practice of determining patterns from data to predict future outcomes and trends. Across industries, it enables high-value solutions to important business problems.","Data Wrangling, Classification, A/B Testing, Forecasting, Segmentation"
Marketing Analytics,beginner3 Months4.6 stars316 reviews,School of Business,https://www.udacity.com//course/marketing-analytics-nanodegree--nd028,"Gain foundational data skills applicable to marketing. Collect and analyze data, model marketing scenarios, and communicate your findings with Excel, Tableau, Google Analytics, and Data Studios.","Google Analytics, Excel &amp; Spreadsheets, Data Visualization, Customer Segmentation"
Machine Learning Engineer for Microsoft Azure,intermediate3 Months4.5 stars178 reviews,School of Artificial Intelligence,https://www.udacity.com//course/machine-learning-engineer-for-microsoft-azure-nanodegree--nd00333,"Strengthen your machine learning skills and build practical experience by training, validating, and evaluating models using Azure Machine Learning. ","Azure Machine Learning, Azure Machine Learning SDK, Automation with Pipelines, Automated ML, Machine Learning Operations
"
Activation and Retention Strategy,intermediate1 Month,School of Product Management,https://www.udacity.com//course/activation-and-retention-strategy--nd037-2,"Hone specialized Product Management skills in activation and retention strategy. Guide users through the activation funnel as fast as possible, so they reach your product’s aha-moment, and deploy experiments to improve customer lifetime value and decrease churn.","Product Management, Activation Funnels, Retention Analysis, Churn Analysis, Segment Analysis, User Engagement, Cohort Analysis"
Android Basics,beginner4 Months4.8 stars3129 reviews,School of Programming & Development,https://www.udacity.com//course/android-basics-nanodegree-by-google--nd803,No programming experience? No Problem! Start developing Android apps today.,"Android Development, Java programming, Android Studio, XML layouts, Android Views"
Security Engineer,intermediate4 Months,School of Cybersecurity,https://www.udacity.com//course/security-engineer-nanodegree--nd698,Take advantage of the growing need for skilled security professionals by mastering the sought-after skills to protect an organization’s computer networks and systems from security threats or attacks.,"Cryptography, Risk Evaluation, Authentication, Authorization, Access
Management, Penetration Testing"
Monetization Strategy,intermediate1 Month,School of Product Management,https://www.udacity.com//course/monetization-strategy--nd037-3,"Monetization Strategy is the third of three courses in the Growth Product Manager Nanodegree program. Hone specialized Product Management skills in monetization strategy by learning how to implement strategies to drive profitable growth for your business. Build and test pricing plans and market selection, target the right buyer personas, and be equipped to harness their full lifetime value.","Product Management, Monetization Models, Pricing Strategy, Buyer Personas, Lifetime Value, Customer Acquisition Cost, Pricing Metrics, Growth Strategy"
Artificial Intelligence,advanced3 Months4.5 stars317 reviews,School of Artificial Intelligence,https://www.udacity.com//course/ai-artificial-intelligence-nanodegree--nd898,"Learn essential Artificial Intelligence concepts from AI experts like Peter Norvig and Sebastian Thrun, including search, optimization, planning, pattern recognition, and more.","AI Algorithms, Search Algorithms, Optimization, Planning, Pattern Recognition"
Security Analyst,intermediate4 Months,School of Cybersecurity,https://www.udacity.com//course/security-analyst-nanodegree--nd324,"Learn to identify, correct and respond to security weaknesses and incidents. You’ll also get real-world experience monitoring network traffic, analyzing alert and log data, and following incident handling procedures.","Security controls,  Defensible Network Architecture,  security threat mitigation,  threat modeling,  vulnerability assessment,  incident detection and handling"
Data Visualization,beginner4 Months4.6 stars185 reviews,School of Data Science,https://www.udacity.com//course/data-visualization-nanodegree--nd197,"Combine data, visuals, and narrative to tell impactful stories and make data-driven decisions.","Data Visualization, Tableau, Dashboards, Data Storytelling"
Flying Car and Autonomous Flight Engineer,advanced6 Months4.6 stars234 reviews,School of Autonomous Systems,https://www.udacity.com//course/flying-car-nanodegree--nd787,"Master job-ready autonomous flight software engineering skills as you tackle advanced challenges, write real code for real aircraft, and develop a systems understanding of the Flying Car full-stack.","3D Motion Planning, Controls, Estimation, Kalman Filters"
Data Science for Business Leaders,intermediate2 Months4.4 stars62 reviews,School of Business,https://www.udacity.com//course/data-science-for-business-leaders--nd045,"Master the people, platforms, and processes required to leverage the power of Data Science in your business.","Business Strategy, Data Science, Data Architecture, Machine Learning, Human Capital"
Programming for Data Science with R,beginner3 Months4.8 stars68 reviews,School of Data Science,https://www.udacity.com//course/programming-for-data-science-nanodegree-with-R--nd118,"Prepare for a data science career by learning the fundamental data programming tools: R, SQL, command line, and git.","R, SQL, Git"
Growth Product Manager,intermediate3 Months,School of Product Management,https://www.udacity.com//course/growth-product-manager-nanodegree--nd037,"Hone specialized Product Management skills in growth strategy. Lead experimentation and data-driven decision-making in your organization to drive products to reach the next level of scale, impact, and profitability.","Product Management, Growth Strategy, Customer Acquisition, Activation Strategy, Monetization Strategy, Performance Optimization"
Cloud DevOps using Microsoft Azure,intermediate3 Months4.2 stars70 reviews,School of Cloud Computing,https://www.udacity.com//course/cloud-devops-using-microsoft-azure-nanodegree--nd082,"Learn how to deploy, test, and monitor cloud applications on Azure, one of the most popular cloud services platforms used by businesses across the globe.","Infrastructure as Code,  Configuration Management,  Agile Planning,  Continuous Integration,  Continuous Delivery,  Test Automation,  Monitoring"
RPA Developer with UiPath,beginner4 Months,School of Programming & Development,https://www.udacity.com//course/rpa-developer-nanodegree--nd340,Build the operational processes that enable the businesses of the future.,"Process Automation, Business Operations, UiPath Studio, UiPath Orchestrator"
Intel® Edge AI for IoT Developers,advanced3 Months4.7 stars237 reviews,School of Artificial Intelligence,https://www.udacity.com//course/intel-edge-ai-for-iot-developers-nanodegree--nd131,Lead the development of cutting-edge Edge AI applications that are the future of the Internet of Things. Leverage the Intel® Distribution of OpenVINO™ Toolkit to fast-track development of high-performance computer vision and deep learning inference applications.,"Edge AI, Computer Vision, Deep Learning, Edge Computing, AI Modeling, Deep Neural Networks (DNN), Convolutional Neural Networks (CNN), IoT, Intel® Distribution of OpenVINO™ Toolkit, Intel® DevCloud for the Edge"
Hybrid Cloud Engineer,intermediate3 Months4.7 stars189 reviews,School of Cloud Computing,https://www.udacity.com//course/hybrid-cloud-engineer-nanodegree--nd321,"This Nanodegree program, built in collaboration with experts from Nutanix, a leader in the cutting edge field of hyperconverged infrastructure software, takes cloud technology and data-center professionals on an in-depth journey into the design, deployment, and management of infrastructure and applications together on the Hybrid Cloud. Master the concepts you need to transform how your IT teams manage applications and support the business.","Hyper-converged infrastructure,  Hybrid Cloud,  Public Cloud,  Private Cloud,  HCI Clusters,  Workload Management,  On premise,  Off premise
"
Cloud Computing for Business Leaders,intermediate2 Months,School of Business,https://www.udacity.com//course/cloud-computing-for-business-leaders-nanodegree--nd046,"This program will focus on the unique knowledge and skills that business leaders need to unlock the value of cloud technologies in their organizations, or enable a more cloud-native department that leverages cloud computing to drive growth and create operational efficiencies.","Digital transformation,  leadership,  management,  cloud governance model,  novel cloud services,  operational efficiencies,  cloud center of excellence"
Self Driving Car Engineer,advanced5 Months,School of Autonomous Systems,https://www.udacity.com//course/self-driving-car-engineer-nanodegree--nd0013,"In this program, you will learn the techniques that power self-driving cars across the full stack of a vehicle’s autonomous capabilities. Using Deep Learning with radar and lidar sensor fusion, you will train the vehicle to detect and identify its surroundings to inform navigation.","Computer Vision, Deep Learning, Sensor Fusion, Localization, Self-Driving Cars, Path Planning and Control"
Cyber-Physical Systems Design & Analysis,advanced16 Weeks,School of Autonomous Systems,https://www.udacity.com//course/cyber-physical-systems-design-analysis--ud9876,This course provides an introduction to cyber-physical systems with an industrial perspective.,
Differential Equations in Action,intermediate2 Months,School of Autonomous Systems,https://www.udacity.com//course/differential-equations-in-action--cs222,"Write Python code to find numerical solutions to systems of differential equations. The models you create will fight wildfires, bring spaceships back to earth, and more!","Math, Differential Equations"
Self-Driving Fundamentals: Featuring Apollo ,beginner4 Weeks,School of Autonomous Systems,https://www.udacity.com//course/self-driving-car-fundamentals-featuring-apollo--ud0419,"Identify key parts of self-driving cars, utilize Apollo HD Map, localization, perception, prediction, planning and control, and start the learning path of building a self-driving car. ","Apollo HD Map, Localization, Perception, Prediction, Planning, Control"
Introduction to Machine Learning using Microsoft Azure,intermediate2 Months,School of Artificial Intelligence,https://www.udacity.com//course/introduction-to-machine-learning-using-microsoft-azure--ud00333,"Gain a high-level introduction to the field of machine learning and prepare to use Azure Machine Learning Studio to train machine learning models. Plus, learn how to perform a variety of tasks on Azure Machine Learning labs — from data import, transformation and management to training, validating and evaluating models.","Machine Learning,  Azure,  Model Training,  Supervised &amp; Unsupervised Learning,  Responsible AI"
AI Fundamentals,beginner1 Month,School of Artificial Intelligence,https://www.udacity.com//course/ai-fundamentals--ud099,"AI Fundamentals is an entry point into the world of AI using Microsoft's cloud-based solutions, such as Azure Machine Learning and Azure Cognitive Services.","Artificial Intelligence,  Machine Learning,  Azure,  Computer Vision,  Azure Cognitive Services,  Natural Language Processing,  Conversational AI"
Linear Algebra Refresher Course,intermediate4 Months,School of Artificial Intelligence,https://www.udacity.com//course/linear-algebra-refresher-course--ud953,Learn linear algebra by doing: you will code your own library of linear algebra functions!,"Algebra, Python, Vectors, Intersections"
Machine Learning: Unsupervised Learning,intermediate1 Month,School of Artificial Intelligence,https://www.udacity.com//course/machine-learning-unsupervised-learning--ud741,Ever wonder how Netflix can predict what movies you'll like? Or how Amazon knows what you want to buy before you do? The answer can be found in Unsupervised Learning!,"Randomized Optimization, Clustering, Feature Selection, Feature Transformation, Information Theory"
Big Data Analytics in Healthcare,intermediate,School of Artificial Intelligence,https://www.udacity.com//course/big-data-analytics-in-healthcare--ud758,"In this course, we introduce the characteristics of medical data and associated data mining challenges on dealing with such data. We cover various algorithms and systems.","Data Analytics, Health Care Applications, Algorithms"
Intro to Descriptive Statistics,beginner2 Months,School of Artificial Intelligence,https://www.udacity.com//course/intro-to-descriptive-statistics--ud827,Intro to Descriptive Statistics will teach you the basic concepts of statistics that can be used to extract information from data.,"Descriptive Statistics, Estimation, Central Limit Theorem"
Intel® Edge AI Fundamentals with OpenVINO™,intermediate1 Month,School of Artificial Intelligence,https://www.udacity.com//course/intel-edge-AI-fundamentals-with-openvino--ud132,Stay at the cutting-edge of AI technology by gaining practical skills for deploying edge AI. Learn how to use the Intel Distribution of OpenVINO toolkit to deploy computer vision capabilities inside a range of edge applications.,"Edge AI, Intel OpenVINO, Computer Vision, Deep Learning"
Artificial Intelligence,intermediate4 Months,School of Artificial Intelligence,https://www.udacity.com//course/artificial-intelligence--ud954,"This course gives a survey of topics in AI along with in-depth foundational concepts such as classical search, probability, machine learning, logic and planning.","Artificial Intelligence, Probability, Bayesian Networks, Logic and Planning, Machine Learning"
Secure and Private AI,advanced2 Months,School of Artificial Intelligence,https://www.udacity.com//course/secure-and-private-ai--ud185,Learn how to extend PyTorch with the tools necessary to train AI models that preserve user privacy.,
Model Building and Validation,advanced8 Weeks,School of Artificial Intelligence,https://www.udacity.com//course/model-building-and-validation--ud919,This course will teach you how to start from scratch in understanding and paying attention to what is important in the data and how to answer questions about data.,"Questioning, Modeling, Validation, Data Analysis, QMV Process"
Data Visualization and D3.js,intermediate7 Weeks,School of Artificial Intelligence,https://www.udacity.com//course/data-visualization-and-d3js--ud507,Learn the fundamentals of data visualization and apply design and narrative concepts to create your own visualization.,"d3.js, Design of Visualizations, Data Visualization, Visual Encodings"
Machine Learning for Trading,intermediate4 Months,School of Artificial Intelligence,https://www.udacity.com//course/machine-learning-for-trading--ud501,Implement machine learning based strategies to make trading decisions using real-world data.,"Pandas, Time Series Analysis, Computational Investing, Algorithmic Trading, Reinforcement Learning for Trading"
Machine Learning,intermediate4 Months,School of Artificial Intelligence,https://www.udacity.com//course/machine-learning--ud262,"In this course, you'll learn how to apply Supervised, Unsupervised and Reinforcement Learning techniques for solving a range of data science problems.","Supervised Learning, Unsupervised Learning, Information Theory, Reinforcement Learning, Game Theory"
Intro to Hadoop and MapReduce,intermediate1 Month,School of Artificial Intelligence,https://www.udacity.com//course/intro-to-hadoop-and-mapreduce--ud617,"In this short course, learn the fundamentals of MapReduce and Apache Hadoop to start making sense of Big Data in the real world!","Big Data, Hadoop, MapReduce"
Real-Time Analytics with Apache Storm,intermediate2 Weeks,School of Artificial Intelligence,https://www.udacity.com//course/real-time-analytics-with-apache-storm--ud381,"The world is trending in real time! Learn Apache Storm, taught by Twitter, to scalably analyze real-time tweets and drive d3 visualizations. Storm is free, open and fun!","Data Analysis, Real-time Analytics, Apache Storm"
A/B Testing,intermediate1 Month,School of Artificial Intelligence,https://www.udacity.com//course/ab-testing--ud257,"This course will cover the design and analysis of A/B tests, also known as split tests, which are online experiments used to test potential improvements to a website or mobile application. ","A/B tests,  Results Analysis,  Statistical Significance "
Data Analysis with R,intermediate2 Months,School of Artificial Intelligence,https://www.udacity.com//course/data-analysis-with-r--ud651,Data is everywhere and so much of it is unexplored. Learn how to investigate and summarize data sets using R and eventually create your own analysis.,"R, Exploratory Data Analysis, Data Visualization"
Knowledge-Based AI: Cognitive Systems,advanced7 Weeks,School of Artificial Intelligence,https://www.udacity.com//course/knowledge-based-ai-cognitive-systems--ud409,The twin goals of knowledge-based artificial intelligence (AI) are to build AI agents capable of human-level intelligence and gain insights into human cognition.,"Semantic Networks, Common-Sense Reasoning, Logic &amp; Planning, Analogical Reasoning, Visuospatial Reasoning"
Introduction to TensorFlow Lite,intermediate2 Months,School of Artificial Intelligence,https://www.udacity.com//course/intro-to-tensorflow-lite--ud190,Learn how to deploy deep learning models on mobile and embedded devices with TensorFlow Lite.,"TensorFlow Lite, Deep Learning Models, Android, iOS, Linux"
Introduction to Computer Vision,intermediate4 Months,School of Artificial Intelligence,https://www.udacity.com//course/introduction-to-computer-vision--ud810,"This course provides an introduction to computer vision including fundamentals, methods for application and machine learning classification.","Image Processing, Stereo Geometry, Feature Detection &amp; Matching, Object Tracking, Classification &amp; Recognition"
Intro to TensorFlow for Deep Learning,intermediate2 Months,School of Artificial Intelligence,https://www.udacity.com//course/intro-to-tensorflow-for-deep-learning--ud187,"Developed by Google and Udacity, this course teaches a practical approach to deep learning for software developers.",
Eigenvectors and Eigenvalues,beginner1 Week,School of Artificial Intelligence,https://www.udacity.com//course/eigenvectors-and-eigenvalues--ud104,Learn how to calculate eigenvalues and eigenvectors and why they are important for AI applications.,"Linear Algebra, Eigenvectors, Eigenvalues"
Intro to Artificial Intelligence,intermediate4 Months,School of Artificial Intelligence,https://www.udacity.com//course/intro-to-artificial-intelligence--cs271,"This course will introduce you to the basics of AI. Topics include machine learning, probabilistic reasoning, robotics, computer vision, and natural language processing.","Artificial Intelligence, Machine Learning, Probability, Logic and Planning, Markov models"
Artificial Intelligence for Robotics,advanced2 Months,School of Artificial Intelligence,https://www.udacity.com//course/artificial-intelligence-for-robotics--cs373,"Learn how to program all the major systems of a robotic car. Topics include planning, search, localization, tracking, and control.","Probabilistic Models, Kalman Filters, Motion Planning, Robot Control, Simultaneous Localization &amp; Mapping"
Intro to Deep Learning with PyTorch,intermediate2 Months,School of Artificial Intelligence,https://www.udacity.com//course/deep-learning-pytorch--ud188,Learn the basics of deep learning and implement your own deep neural networks with PyTorch,"Deep Learning, PyTorch, Neural Networks, CNNs, LSTMs, Style Transfer"
AWS DeepRacer,intermediate2 Weeks,School of Artificial Intelligence,https://www.udacity.com//course/aws-deepracer--ud014,Learn the fundamentals of machine learning and reinforcement learning in a fun and engaging way through autonomous driving with AWS DeepRacer.,"Machine Learning, Reinforcement Learning, AWS DeepRacer"
Reinforcement Learning,4 Months,School of Artificial Intelligence,https://www.udacity.com//course/reinforcement-learning--ud600,,
Introduction to Machine Learning Course,intermediate10 Weeks,School of Artificial Intelligence,https://www.udacity.com//course/intro-to-machine-learning--ud120,"This class will teach you the end-to-end process of investigating data through a machine learning lens. Learn online, with Udacity.","Machine Learning, Supervised Learning, Unsupervised Learning, Evaluation Metrics, Data Manipulation"
Rapid Prototyping,intermediate3 Weeks,School of Product Management,https://www.udacity.com//course/rapid-prototyping--ud723,Learning to prototype will save you time and money in the development process. You’ll create quality apps faster and have confidence in the viability of your products.,"Prototyping, User Research, inVision"
Product Design,intermediate2 Months,School of Product Management,https://www.udacity.com//course/product-design--ud509,"Learn product validation, UI/UX practices, Google’s Design Sprint and the process for setting and tracking actionable metrics.","Product Design, Design Sprints, Ideation and Validation, UI/UX"
App Monetization,intermediate1 Month,School of Product Management,https://www.udacity.com//course/app-monetization--ud518,"Learn how to effectively develop, implement, and measure your monetization strategy, iterating on the model as appropriate.","Product Design, Google Analytics"
A/B Testing for Business Analysts,intermediate3 Weeks,School of Product Management,https://www.udacity.com//course/ab-testing--ud979,The A/B Testing course provides students with the foundational knowledge to design and analyze A/B tests to create business insights and support decision making.,"A/B Randomized Design Tests, A/B Matched Pair Design Tests"
Product Manager Interview Preparation,beginner1 Week,School of Product Management,https://www.udacity.com//course/product-manager-interview-preparation--ud034,"Ace your product management interview by understanding how to answer key strategic, technical, and practical product questions.","Product Management, Interview Preparation, Career Advancement, Product Strategy, Technical Interview"
Hybrid Cloud Fundamentals,intermediate1 Month,School of Cloud Computing,https://www.udacity.com//course/hybrid-cloud-fundamentals--ud0321,Dive into the role of a hybrid cloud engineer and learn how to use Nutanix's Hyperconverged Infrastructure (HCI) software to configure the different components of a private cloud cluster.,"Hybrid Cloud, Nutanix, Hyperconverged Infrastructure, Prism web console, Private Cloud, Virtual Machine"
Intro to Cloud Computing,beginner2 Months,School of Cloud Computing,https://www.udacity.com//course/intro-to-cloud-computing--ud080,"This free course will equip you with the foundational skills you need to pursue a career in cloud computing. The course covers fundamental cloud computing principles and features hands-on practice using AWS, the leading cloud service provider.","Cloud Computing,  AWS Console,  Compute Services,  Serverless Architecture,  Cloud Databases"
Intro to Information Security,intermediate,School of Programming & Development,https://www.udacity.com//course/intro-to-information-security--ud459,,"Software Security, Cryptography, Network Security, Privacy, Public Policy"
Cyber-Physical Systems Security,intermediate16 Weeks,School of Programming & Development,https://www.udacity.com//course/cyber-physical-systems-security--ud279,This course provides an introduction to security issues relating to cyber-physical systems including industrial control systems and critical infrastructures.,"Industrial Networks, Industrial Control Systems, Smart Grid Infrastructure, Cyber Security, Privacy"
Network Security,intermediate16 Weeks,School of Programming & Development,https://www.udacity.com//course/network-security--ud199,"This course provides an introduction to computer and network security. Students successfully completing this class will be able to evaluate works in academic and commercial security, and will have rudimentary skills in security research.","Basic elements of cryptography,  cryptanalysis and systems security,  security research"
Creating an Analytical Dataset,beginner2 Weeks,School of Business,https://www.udacity.com//course/creating-an-analytical-dataset--ud977,Learn how to prepare data to ensure the efficacy of your analysis while improving fluency in Alteryx.,"Data Issues, Data Formatting, Data Blending"
Problem Solving with Advanced Analytics,beginner2 Weeks,School of Business,https://www.udacity.com//course/problem-solving-with-advanced-analytics--ud976,"Learn a scientific approach to solving problems with data, a foundational skill for anyone interested in making data driven decisions in a business context.",Linear Regression
Classification Models,intermediate2 Weeks,School of Business,https://www.udacity.com//course/classification-models--ud978,Learn how to use classification predictive models to solve business problems involving non-numeric data.,"Binary Classication Models, Non-Binary Classification Models"
Segmentation and Clustering,intermediate3 Weeks,School of Business,https://www.udacity.com//course/segmentation-and-clustering--ud981,The Segmentation & Clustering course provides students with the knowledge to build and apply clustering models to develop sophisticated segmentation in business contexts.,"Variable Reduction, Clustering Models design"
Time Series Forecasting,intermediate3 Weeks,School of Business,https://www.udacity.com//course/time-series-forecasting--ud980,The Time Series Forecasting course provides students with the foundational knowledge to build and apply time series forecasting models in a variety of business contexts.,"Time Series Forecasting, ETS Models, ARIMA Models"
App Marketing,intermediate2 Weeks,School of Business,https://www.udacity.com//course/app-marketing--ud719,"This course will help you organize a strategy of identifying your perfect user, and teach you how to grow your user base by focusing your product on their needs.","App Marketing, User Segmentation, Customer Acquisition"
How to Build a Startup,intermediate1 Month,School of Business,https://www.udacity.com//course/how-to-build-a-startup--ep245,"Learn what it takes to build a successful startup using the Customer Development process, where entrepreneurs ""get out of the building"" to gather and iterate on feedback.","Entrepreneurship, Value Proposition, Revenue Models, Customer Segments"
Get Your Startup Started,intermediate3 Weeks,School of Business,https://www.udacity.com//course/get-your-startup-started--ud806,Acquire the know-how necessary to see your business grow towards its next milestone.,"Entrepreneurship, Bootstrapping"
Managing Remote Teams with Upwork,beginner1 Hour,School of Business,https://www.udacity.com//course/managing-remote-teams-with-upwork--ud942,Bring your remote-teams to the next level with hands-on skills to manage your remote workforce effectively.,"Team Management, Workforce Training, Business Strategy, Agile Management, Remote Work"
Intro to Data Science,intermediate2 Months,School of Data Science,https://www.udacity.com//course/intro-to-data-science--ud359,"What does a data scientist do? In this course, we will survey the main topics in data science so you can understand the skills that are needed to become a data scientist!","Data Analysis Process, pandas (Python package), MapReduce paradigm"
Intro to Data Analysis,beginner6 Weeks,School of Data Science,https://www.udacity.com//course/intro-to-data-analysis--ud170,"Explore a variety of datasets, posing and answering your own questions about each. You'll be using the Python libraries NumPy, Pandas, and Matplotlib.","Data Analysis, Python, numpy, pandas"
SQL for Data Analysis,beginner4 Weeks,School of Data Science,https://www.udacity.com//course/sql-for-data-analysis--ud198,Learn to use Structured Query Language (SQL) to extract and analyze data stored in databases,
Database Systems Concepts & Design,intermediate16 Weeks,School of Autonomous Systems,https://www.udacity.com//course/database-systems-concepts-design--ud150,This course presents an example of applying a database application development methodology to a major real-world project.,"Database Management Systems, Relational Algebra, Sequential Query Language, Data Indexing, SQL Injection"
Intro to Inferential Statistics,beginner2 Months,School of Data Science,https://www.udacity.com//course/intro-to-inferential-statistics--ud201,Intro to Inferential Statistics will teach you how to test your hypotheses and begin to make predictions based on statistical results drawn from data!,"Inferential Statistics, Hypothesis Testing, T-tests, ANOVA"
Spark,intermediate10 Hours,School of Data Science,https://www.udacity.com//course/learn-spark-at-udacity--ud2002,Master how to work with big data and build machine learning models at scale using Spark!,"Spark, SparkSQL, Spark Dataframes, Data Wrangling, Machine Learning"
Data Analysis and Visualization,intermediate16 Weeks,School of Data Science,https://www.udacity.com//course/data-analysis-and-visualization--ud404,"This course will introduce students to the field by covering state­-of-­the-art modeling, analysis and visualization techniques.","R, Data Analysis, Data Visualization, Regression"
Microsoft Power Platform,beginner1 Month,School of Programming & Development,https://www.udacity.com//course/microsoft-power-platform--ud091,"Learn to build powerful and effective solutions with ease with Microsoft Power Platform. Created in partnership with the Microsoft Power Platform team, this course will introduce you to efficient low-code solutions for data analytics, app development, and artifical intelligence.","Microsoft Power Platform, Power Apps, Power Automate, Azure AI Builder"
Web Tooling & Automation,intermediate3 Weeks,School of Programming & Development,https://www.udacity.com//course/web-tooling-automation--ud892,"In this course, you’ll learn how to setup your development environment and save a lot of time and effort with automatic optimization.","Installing Sublime Text, Installing Plugins, Gulp, Live Editing, ESLint"
Front End Frameworks,advanced8 Weeks,School of Programming & Development,https://www.udacity.com//course/front-end-frameworks--ud894,"Explore and build interactive, single-page applications with popular JavaScript frameworks!","Single Page Applications, Building Angular apps, Building Ember apps, Underscore's template function, Backbone events and routing"
Responsive Web Design Fundamentals,intermediate2 Weeks,School of Programming & Development,https://www.udacity.com//course/responsive-web-design-fundamentals--ud893,Learn and practice strategies for developing websites that look great on every device! Made with Google's Pete LePage.,"Responsive design patterns, Remote debugging and emulation, Optimizing layout, CSS media queries, CSS flexbox"
Linux Command Line Basics,beginner1 Week,School of Programming & Development,https://www.udacity.com//course/linux-command-line-basics--ud595,An introduction to the Linux command line interface.,"Command line interface (Linux server), Terminal and Shell (GNU Bash), Linux filesystem, Shell commands"
How to Install Android Studio,beginner1 Day,School of Programming & Development,https://www.udacity.com//course/how-to-install-android-studio--ud808,Participate in this short tutorial to install Android Studio on your computer and set up a new project using the program's Project Wizard.,"Android, Android Studio, Java"
Android Basics: Multiscreen Apps,beginner2 Months,School of Programming & Development,https://www.udacity.com//course/android-basics-multiscreen-apps--ud839,"Learn to build multiple screens and link them together, expanding the range of apps you can create! You'll also learn how to play audio and add images to your apps.","Android Development, Intents and Activities, Data, Loops and Custom Classes, Images and Visual Polish, Audio and Libraries"
Website Performance Optimization,intermediate1 Week,School of Programming & Development,https://www.udacity.com//course/website-performance-optimization--ud884,"Learn how browsers convert HTML, CSS and JavaScript into websites while you experiment with Chrome Developer Tools to measure and optimize website speed!","Chrome Developer Tools, DOM and CSSOM, Critical Rendering Path HTML, CSS and JavaScript optimizations"
iOS Networking with Swift,advanced3 Months,School of Programming & Development,https://www.udacity.com//course/ios-networking-with-swift--ud421,Learn how to incorporate networking into your apps to access data from around the world. Build the On the Map app to share location and fun links with fellow students.,"Networking, URLSession, JSON Parsing"
JavaScript Design Patterns,advanced6 Weeks,School of Programming & Development,https://www.udacity.com//course/javascript-design-patterns--ud989,Learn the importance of code organization and how to implement it with either vanilla JavaScript or an organizational library or framework.,"Separating concerns, Code organization, Using an Organizational Library, KnockoutJS"
Android Basics: User Input,beginner4 Weeks,School of Programming & Development,https://www.udacity.com//course/android-basics-user-input--ud836,Learn how to make your apps interactive using buttons and text! In this course you'll learn the basics of the Java programming language and how to apply them to Android.,"Android Development, Java, Object-Oriented Programming, Conditional Code, Methods, Variables"
Android Performance,advanced4 Weeks,School of Programming & Development,https://www.udacity.com//course/android-performance--ud825,"Performance matters to users, so it must matter to you. Learn how to identify and fix bottlenecks in your Android applications, and ensure a smooth user experience.","Android Development, Performance, Optimization"
Responsive Images,intermediate2 Weeks,School of Programming & Development,https://www.udacity.com//course/responsive-images--ud882,Go beyond image tags! Learn how to make images a part of your responsive design workflow.,"Responsive Images, Mobile Image debugging, Creating responsive graphics"
Xcode Debugging,advanced3 Weeks,School of Programming & Development,https://www.udacity.com//course/xcode-debugging--ud774,"In this course, you'll learn standard methodologies for debugging software, and how to use Xcode's debugging tools to find and squash bugs.","Debugging, LLDB"
Gradle for Android and Java,advanced6 Weeks,School of Programming & Development,https://www.udacity.com//course/gradle-for-android-and-java--ud867,Build bigger and better Android and Java apps using the Gradle build tool.,"Android Development, Gradle, Java"
Build Native Mobile Apps with Flutter,intermediate2 Weeks,School of Programming & Development,https://www.udacity.com//course/build-native-mobile-apps-with-flutter--ud905,Learn from experts at Google how to use Flutter to craft high-quality native interfaces on iOS and Android devices in record time.,Android Development
JavaScript Promises,advanced3 Weeks,School of Programming & Development,https://www.udacity.com//course/javascript-promises--ud898,Learn how to simplify asynchronous work with Native JavaScript Promises!,"Native JavaScript Promises, Asynchronous code, Advanced error handling, Generating sequences of async work"
UIKit Fundamentals,intermediate2 Months,School of Programming & Development,https://www.udacity.com//course/uikit-fundamentals--ud788,"Learn the iOS UIKit framework, which is the cornerstone of creating user interfaces in all iOS apps and crucial for any iOS Developer to be intimately familiar with.","AutoLayout, Navigation, Table Views, Collection Views"
Android Basics: User Interface,beginner2 Weeks,School of Programming & Development,https://www.udacity.com//course/android-basics-user-interface--ud834,Learn how to design your first layout in Android! This is the first course in the Android Basics Nanodegree program.,"Android Development, Building Layouts, Android Studio, Views and ViewGroups, Styling"
Client-Server Communication,advanced5 Weeks,School of Programming & Development,https://www.udacity.com//course/client-server-communication--ud897,"Learn how a client communicates with a server, including HTTP's request and response cycle, HTTP/2 and HTTPs.","HTTP request and response cycle, HTTP headers and verbs, HTTP/1 and HTTP/2 capabilities, HTTPS, Client-Server Communication"
What is Programming?,beginner1 Day,School of Programming & Development,https://www.udacity.com//course/what-is-programming--ud994,This course is your first step towards a career in programming.,
Building High Conversion Web Forms,intermediate2 Weeks,School of Programming & Development,https://www.udacity.com//course/building-high-conversion-web-forms--ud890,"Increase conversions with best practices for fast, efficient forms! Learn how to design and build web forms for users on any device.","Research HTML5 input types, Datalist input, User input validation with HTML5 attributes, Validate user input using JavaScript, Optimizing forms"
Advanced Android App Development,advanced6 Weeks,School of Programming & Development,https://www.udacity.com//course/advanced-android-app-development--ud855,"Make your app production-ready by applying advanced features like library integration, material design, widgets, receiving cloud messages, and more!","Android Development, Fragments, Libraries, Firebase, Espresso"
Software Architecture & Design,intermediate2 Months,School of Programming & Development,https://www.udacity.com//course/software-architecture-design--ud821,Software Architecture and Design teaches the principles and concepts involved in the analysis and design of large software systems.,"Unified Modeling Language, Object Constraint Language, Software Architecture, Software Design, Code Review"
Authentication & Authorization: OAuth,intermediate2 Weeks,School of Programming & Development,https://www.udacity.com//course/authentication-authorization-oauth--ud330,Learn to implement the OAuth 2.0 framework to allow users to securely and easily login to your web applications.,"Flask, OAuth 2.0, Authentication &amp; Authorization, Python"
Intro to iOS App Development with Swift,intermediate1 Month,School of Programming & Development,https://www.udacity.com//course/intro-to-ios-app-development-with-swift--ud585,Take the first step in becoming an iOS Developer by learning about Swift and writing your first app.,"Swift, UIKit, AVFoundation"
Introduction to Operating Systems,intermediate2 Months,School of Programming & Development,https://www.udacity.com//course/introduction-to-operating-systems--ud923,"Introduction to Operating Systems teaches the basic operating system abstractions, mechanisms, and their implementations.","Processes &amp; Threads, Memory Management, Inter-Process Communication, Resource Virtualization, Distributed File Systems"
Android Basics: Networking,beginner5 Weeks,School of Programming & Development,https://www.udacity.com//course/android-basics-networking--ud843,"This class teaches the basics of networking using Android, and is a part of the Android Basics Nanodegree by Google.","Android Development, JSON Parsing, HTTP Networking, Threads and Parallelism, Control Flow and Conditionals, Preferences"
Web Accessibility,advanced2 Weeks,School of Programming & Development,https://www.udacity.com//course/web-accessibility--ud891,"Get hands-on experience making web applications accessible. You’ll understand when and why users need accessibility, then you’ll dive into how to implement.","Accessibility, Screen Readers, Focus, Semantics, ARIA"
Android Basics: Data Storage,beginner8 Weeks,School of Programming & Development,https://www.udacity.com//course/android-basics-data-storage--ud845,"In this course, you'll learn the basics of data storage in Android, building your first database and an app that could be used for any small business!","Android Development, SQLite, ContentProvider, CursorAdapter &amp; CursorLoader, Database, Design"
Scalable Microservices with Kubernetes,intermediate1 Month,School of Programming & Development,https://www.udacity.com//course/scalable-microservices-with-kubernetes--ud615,"This course is designed to teach you about managing microservices, using Kubernetes. This course is built in partnership with experts such as Google’s Kelsey Hightower.","Microservices, Docker, Kubernetes, Deploying Microservices"
Developing Android Apps with Kotlin,intermediate2 Months,School of Programming & Development,https://www.udacity.com//course/developing-android-apps-with-kotlin--ud9012,Learn the fundamentals of the Kotlin programming language from Kotlin experts at Google.,Android Development
Browser Rendering Optimization,advanced1 Month,School of Programming & Development,https://www.udacity.com//course/browser-rendering-optimization--ud860,This course will demystify the browser's rendering pipeline and make it easy for you to build high performance web apps.,"Browser Rendering Response, Animation, Idle and Load (RAIL), Optimizing JavaScript, How to debug an app"
Learn Swift Programming Syntax,intermediate3 Weeks,School of Programming & Development,https://www.udacity.com//course/learn-swift-programming-syntax--ud902,"This course focuses on the syntax of the Swift programming language. By the end of the course, you'll be able to apply Swift essentials to building iOS apps.","Variables and Constants, Control Flow, Functions, Optionals, OOP"
Offline Web Applications,intermediate3 Weeks,School of Programming & Development,https://www.udacity.com//course/offline-web-applications--ud899,Learn how to develop offline-first web application using Service Workers and IndexedDB.,"Developing offline-first applications, Understanding Lie-Fi, Service Worker DevTools, IndexedDB, IndexedDB asset caching"
Kotlin for Android Developers,advanced1 Week,School of Programming & Development,https://www.udacity.com//course/kotlin-for-android-developers--ud888,"Take an Android app in Java and convert it to Kotlin, learning key features of the Kotlin programming language along the way.","Kotlin, Android"
UX Design for Mobile Developers,beginner6 Weeks,School of Programming & Development,https://www.udacity.com//course/ux-design-for-mobile-developers--ud849,This is a design course made for developers. You'll learn UX design skills which will help you make 5-star mobile apps that your users will love.,"Android, UX Design, User-Centered Design"
Software Development Process,intermediate3 Months,School of Programming & Development,https://www.udacity.com//course/software-development-process--ud805,"Software Development Processes explores requirements engineering, architecture and design, testing, and software quality in general.","Software Development Life Cycle, Requirements Engineering, Design Patterns, Black-Box &amp; White-Box Testing, Agile Development Methodology"
Data Visualization in Tableau,beginner3 Weeks,School of Programming & Development,https://www.udacity.com//course/data-visualization-in-tableau--ud1006,Learn the fundamentals of data visualization and practice communicating with data.,"Tableau, Design of Visualizations, Visual Encodings"
Intro to Progressive Web Apps,intermediate2 Weeks,School of Programming & Development,https://www.udacity.com//course/intro-to-progressive-web-apps--ud811,In this course you’ll get started working on your very first Progressive Web App (PWA) - a web app that can take advantage of many features native applications have enjoyed!,"Progressive Web Apps, Service Workers, Web App Manifest, Offline apps"
Writing READMEs,beginner3 Days,School of Programming & Development,https://www.udacity.com//course/writing-readmes--ud777,Documentation is an important part of the development process. Learn to write READMEs using Markdown so your code can be used by other humans!,"README, Markdown, Making code easier to read"
Software Analysis & Testing,intermediate16 Weeks,School of Programming & Development,https://www.udacity.com//course/software-analysis-testing--ud333,"This course covers the theory and practice of software analysis, which is at the heart of software development processes such as diagnosing bugs, testing, and debugging.","Software Testing, Debugging, Dataflow Analysis, Constraint-based Analysis, Symbolic Execution"
iOS Persistence and Core Data,advanced2 Months,School of Programming & Development,https://www.udacity.com//course/ios-persistence-and-core-data--ud325,"Persisting data is a core skill for any iOS developer. Learn how to store app data to your device using three common techniques: NSUserDefaults, Sandbox, and Core Data.","Data Persistence, Core Data, UserDefaults, FileManager"
Computer Networking,intermediate3 Months,School of Programming & Development,https://www.udacity.com//course/computer-networking--ud436,This is an advanced Computer Networking course that delves into the latest concepts and tools used by the CN industry.,"Software-Defined Networking, Data Center Networking, Content Distribution, Congestion Control, Traffic Shaping"
Firebase Analytics: iOS,intermediate1 Day,School of Programming & Development,https://www.udacity.com//course/firebase-analytics-ios--ud353,"Learn how to grow an app's user base using Firebase Analytics, a free and unlimited analytics solution","Android Development, Firebase Analytics, Firebase Crash Reporting, Firebase Remote Config, Firebase Dynamic Links"
Human-Computer Interaction,intermediate16 Weeks,School of Programming & Development,https://www.udacity.com//course/human-computer-interaction--ud400,"This course is an introductory course on human-computer interaction, covering the principles, techniques, and open areas of development in HCI.","Design Principles, Direct Manipulation Interfaces, Mental Models, Distributed Cognition, Prototyping"
2D Game Development with libGDX,intermediate8 Weeks,School of Programming & Development,https://www.udacity.com//course/2d-game-development-with-libgdx--ud405,"This course explores how to use LibGDX to build 2D games that run anywhere, from web browsers to mobile devices. At the end you will create a full game, called Icicles.","LibGDX, Game Development, 2D"
Intro to jQuery,intermediate2 Days,School of Programming & Development,https://www.udacity.com//course/intro-to-jquery--ud245,Learn how to access and modify the DOM with ease using jQuery!,"jQuery, DOM Structure, Reading jQuery documentation, Modify HTML attributes and content"
How to create <anything> in Android,beginner4 Weeks,School of Programming & Development,https://www.udacity.com//course/how-to-create-anything-in-android--ud802,Learn to implement the newest Android user interface components while building apps in Android Studio.,"Android, UI, App Development"
Introduction to Graduate Algorithms,advanced3 Months,School of Programming & Development,https://www.udacity.com//course/introduction-to-graduate-algorithms--ud401,Learn advanced techniques for designing algorithms and apply them to hard computational problems.,
Dynamic Web Applications with Sinatra,intermediate2 Weeks,School of Programming & Development,https://www.udacity.com//course/dynamic-web-applications-with-sinatra--ud268,"Sinatra is a micro-framework for quickly developing small Ruby applications for the web. In this course, you'll learn all about Sinatra, routing, and templating.","Ruby, Sinatra, Building web applications"
How to Make a Platformer Using libGDX,intermediate8 Weeks,School of Programming & Development,https://www.udacity.com//course/how-to-make-a-platformer-using-libgdx--ud406,"This course will explore how to create a game called Giga Gal. Giga Gal is a platformer in which you run, collect energy packs, jump a bunch, and shoot enemies.","LibGDX, Game Development, Asset management"
JavaScript Testing,intermediate2 Weeks,School of Programming & Development,https://www.udacity.com//course/javascript-testing--ud549,Learn how to iterate on your web applications with confidence using the red-green-refactor workflow cycle and automated testing frameworks.,"Javascript Apps, Jasmine testing framework, red-green-refactor workflow"
Object-Oriented JavaScript,intermediate3 Weeks,School of Programming & Development,https://www.udacity.com//course/object-oriented-javascript--ud711,,"Object Oriented Javascript, Object-oriented programming, Data and functionality, Prototypal inheritance"
Localization Essentials,beginner2 Weeks,School of Programming & Development,https://www.udacity.com//course/localization-essentials--ud610,"Localization is about making a product feel tailored to users around the world. Specifically, it is the process of adapting a product to a language, culture and market.","Localization, Google Translator Toolkit, Localization at Google"
Compilers: Theory and Practice,intermediate,School of Programming & Development,https://www.udacity.com//course/compilers-theory-and-practice--ud168,This course teaches the theory and practice behind building compilers for higher level programming languages.,"Compilers, Semantic Analysis, Syntax Directed Translation, Control Flow Analysis"
HTML5 Canvas,beginner2 Weeks,School of Programming & Development,https://www.udacity.com//course/html5-canvas--ud292,Learn how you can use HTML5 Canvas to create and modify images or even interactive animations.,"HTML5 Canvas, Canvas2D, Creating animation"
Object Oriented Programming in Java,intermediate4 Weeks,School of Programming & Development,https://www.udacity.com//course/object-oriented-programming-in-java--ud283,Learn how to apply powerful object-oriented programming concepts in Java,"Object-Oriented Programming, Java, User Interaction"
Designing RESTful APIs,intermediate3 Weeks,School of Programming & Development,https://www.udacity.com//course/designing-restful-apis--ud388,Build and secure a web server with a RESTful Developer-Friendly API that developers will love to use.,"Flask, REST APIs, Python"
GT - Refresher - Advanced OS,intermediate3 Weeks,School of Programming & Development,https://www.udacity.com//course/gt-refresher-advanced-os--ud098,"This course covers the essential Operating Systems concepts students need in preparation for the rest of the GT ""Advanced Operating Systems"" sequence.","Operating Systems, Virtual Memory, File Systems, Multithreaded Programming, Networking"
Intro to JavaScript,beginner2 Weeks,School of Programming & Development,https://www.udacity.com//course/intro-to-javascript--ud803,"Learn the fundamentals of JavaScript, the most popular programming language in web development.","JavaScript, Conditionals, Loops, Data Types &amp; Variables"
Grand Central Dispatch (GCD),intermediate2 Weeks,School of Programming & Development,https://www.udacity.com//course/grand-central-dispatch-gcd--ud576,Learn how to prevent background operations from interfering with an app's UI by implementing Apple's GCD framework.,"Closures, GCD"
Continuous Integration and Deployment,intermediate2 Days,School of Programming & Development,https://www.udacity.com//course/continuous-integration-and-deployment--ud1030,"In this course, you'll learn how to improve the mobile development process by using continuous integration and deployment.","Continuous Integration, BuddyBuild, Automated Testing"
Swift for Beginners,beginner7 Days,School of Programming & Development,https://www.udacity.com//course/swift-for-beginners--ud1022,"Learn Swift, Apple's programming language for building iOS applications. Start with the basics and work your way towards completing sets of challenges in Swift.","Variables and Constants, Strings, Control Flow, Functions"
Intro to Statistics,beginner2 Months,School of Programming & Development,https://www.udacity.com//course/intro-to-statistics--st101,"Get ready to analyze, visualize, and interpret data! Thought-provoking examples and chances to combine statistics and programming will keep you engaged and challenged.","Probability, Descriptive Statistics, Inferential Statistics"
Intro to HTML and CSS,beginner3 Weeks,School of Programming & Development,https://www.udacity.com//course/intro-to-html-and-css--ud001,"In this course, you'll learn the fundamentals web development, along with best practices and professional problem-solving techniques using Developer Tools.","HTML, CSS, CSS Syntax, HTML Syntax Problem Set"
Developing Android Apps,intermediate60 Hours,School of Programming & Development,https://www.udacity.com//course/new-android-fundamentals--ud851,"Build a cloud-connected Android app, and learn the tools, principles, and best practices of mobile and Android development that you'll apply to your own projects.","Android Development, Layouts, Intents, UI"
Introduction to Python Programming,beginner5 Weeks,School of Programming & Development,https://www.udacity.com//course/introduction-to-python--ud1110,"In this course, you'll learn the fundamentals of the Python programming language, along with programming best practices. You’ll learn to represent and store data using Python data types and variables, and use conditionals and loops to control the flow of your programs. You’ll harness the power of complex data structures like lists, sets, dictionaries, and tuples to store collections of related data. You’ll define and document your own custom functions, write scripts, and handle errors. Lastly, you’ll learn to find and use modules in the Python Standard Library and other third-party libraries.",
Introduction to Virtual Reality,beginner2 Weeks,School of Programming & Development,https://www.udacity.com//course/introduction-to-virtual-reality--ud1012,"If you are interested in learning more about virtual reality, this course will teach you the principles of VR technology and help you understand what you can build in VR.","VR development, Unity, Google VR SDK for Unity, General understanding of how VR works, Deploying to Android and iOS"
Objective-C for Swift Developers,intermediate5 Weeks,School of Programming & Development,https://www.udacity.com//course/objective-c-for-swift-developers--ud1009,"Learn the distinguishing language features of Objective-C. Practice Objective-C syntax by writing classes, and writing and calling methods.","iOS, Swift, Objective-C, Control Flow Syntax"
Software Testing,intermediate1 Month,School of Programming & Development,https://www.udacity.com//course/software-testing--cs258,Learn how to catch bugs and break software as you discover different testing methods that will help you build better software.,"Software Testing, Debugging, Code Coverage"
Interactive 3D Graphics,intermediate2 Months,School of Programming & Development,https://www.udacity.com//course/interactive-3d-graphics--cs291,"This course will teach you the principles of 3D computer graphics: meshes, transforms, lighting, animation, and making interactive 3D applications run in a browser.","Animated 3D Demo Program, Computer Image Generation, Programming Vertex and Pixel Shaders"
Full Stack Foundations,intermediate3 Weeks,School of Programming & Development,https://www.udacity.com//course/full-stack-foundations--ud088,Learn the fundamentals of back-end web development by creating your own web application from the ground up using the iterative development process.,"Flask, CRUD, Model-View-Controller, Python, Object-relational Mapping"
High Performance Computer Architecture,advanced,School of Programming & Development,https://www.udacity.com//course/high-performance-computer-architecture--ud007,"The HPCA course covers performance measurement, pipelining, and improved parallelism through various means.","Processor Pipelining, Branch Prediction, Instruction Scheduling, Memory Ordering, Multiprocessor Architectures"
AutoLayout,intermediate6 Days,School of Programming & Development,https://www.udacity.com//course/auto-layout--ud1026,"With this course, you will learn about AutoLayout and how to use stack views and constraints to create pixel-perfect UIs.","Design, UI, Stack Views, Constraints"
Kotlin Bootcamp for Programmers,intermediate2 Weeks,School of Programming & Development,https://www.udacity.com//course/kotlin-bootcamp-for-programmers--ud9011,Learn the fundamentals of the Kotlin programming language from Kotlin experts at Google.,Android Development
Shell Workshop,1 Day,School of Programming & Development,https://www.udacity.com//course/shell-workshop--ud206,,
Core ML: Machine Learning for iOS,intermediate1 Week,School of Programming & Development,https://www.udacity.com//course/core-ml--ud1038,Learn how to use Apple's Core ML framework to build iOS apps with intelligent new features.,"iOS, Image Classification, Core ML"
Statistics,beginner4 Months,School of Programming & Development,https://www.udacity.com//course/statistics--st095,We live in a time of unprecedented access to information. You'll learn how to use statistics to interpret that information and make decisions.,"Statistical Research Methods, Data Visualization, Distributions, Hypothesis Testing, Regression"
Intro to Theoretical Computer Science,intermediate2 Months,School of Programming & Development,https://www.udacity.com//course/intro-to-theoretical-computer-science--cs313,Learn the basic concepts in theoretical computer science. Discover what they imply for solving tough computational challenges.,"theoretical computer science, NP-completeness, Recognizing algorithmic problems, Solving algorithmic problems"
Design of Computer Programs,advanced2 Months,School of Programming & Development,https://www.udacity.com//course/design-of-computer-programs--cs212,"Learn how to model problems, and how to optimize performance by using some of the advanced features of Python.","Computer Program Design, Python, Design Process"
Data Wrangling with MongoDB,intermediate2 Months,School of Programming & Development,https://www.udacity.com//course/data-wrangling-with-mongodb--ud032,"Data Scientists spend most of their time cleaning data. In this course, you will learn to convert and manipulate messy data to extract what you need.","Gathering Data, Assessing Data, Cleaning Data, Data Wrangling, MongoDB"
Swift for Developers,beginner7 Days,School of Programming & Development,https://www.udacity.com//course/swift-for-developers--ud1025,Get a quick practical introduction to Swift programming basics and build your first iOS app!,"Variables and Constants, Strings, Control Flow, Functions"
Firebase in a Weekend: Android,intermediate2 Days,School of Programming & Development,https://www.udacity.com//course/firebase-in-a-weekend-by-google-android--ud0352,This course will teach you when and why to choose Firebase as a backend for your Android application.,Android Development
Software Debugging,intermediate2 Months,School of Programming & Development,https://www.udacity.com//course/software-debugging--cs259,In this course you will learn how to debug programs systematically using scientific methods and build several automated debugging tools in Python.,"Debugging, Python, Automated Debugging"
Deploying a Hadoop Cluster,intermediate3 Weeks,School of Programming & Development,https://www.udacity.com//course/deploying-a-hadoop-cluster--ud1000,Deploy your own Hadoop cluster to crunch some big data!,"Data Analysis, Hadoop, MapReduce"
Server-Side Swift,intermediate2 Weeks,School of Programming & Development,https://www.udacity.com//course/server-side-swift--ud1031,"In this course, built in collaboration with IBM and Hashicorp, you'll learn how to use Swift as a server-side language for building end-to-end applications.","Swift Package Manager, MySQL, Docker, Terraform, Microservices"
Programming Languages,intermediate2 Months,School of Programming & Development,https://www.udacity.com//course/programming-languages--cs262,"This course is an introduction to the fundamentals of programming languages. Concepts include how to specify and process valid strings, sentences and program structures.","Introduciton to Programming Languages, Validate and Process Strings, HTML and JavaScript, Build your own web browser"
Networking for Web Developers,beginner2 Weeks,School of Programming & Development,https://www.udacity.com//course/networking-for-web-developers--ud256,You've used the Internet. Now find out more about how it works.,"HTTP, Domain Name System, Ping, TCP/IP stack, IP addressing"
Intro to Physics,beginner2 Months,School of Programming & Development,https://www.udacity.com//course/intro-to-physics--ph100,"Go to the places where big physics discoveries were made in the past and make them yourself. You’ll visit Italy, the Netherlands, and the UK as you learn basic physics.","Kinematics, Dynamics, Trigonometry, Periodic Motion, Electricity"
Intro to Relational Databases,intermediate4 Weeks,School of Programming & Development,https://www.udacity.com//course/intro-to-relational-databases--ud197,Relational databases are a powerful tool used throughout the industry. Learn the basics of SQL and how to connect your Python code to a relational database.,"Rational databases, SQL, Python API, Python DB-API, Select and insert statements"
ES6 - JavaScript Improved,advanced4 Weeks,School of Programming & Development,https://www.udacity.com//course/es6-javascript-improved--ud356,Learn about the changes made to the JavaScript programming language in ECMAScript 6 and how to use these new improvements to write better cleaner code.,"JavaScript, ES6, Syntax, Functions"
Mobile Design and Usability for iOS,intermediate2 Weeks,School of Programming & Development,https://www.udacity.com//course/mobile-design-and-usability-for-ios--ud1034,"In this course, taught in collaboration with Facebook, you'll learn how to design an intuitive, user-centered mobile app, from product conception to release.","Product Design, Prototyping"
Intro to AJAX,intermediate2 Weeks,School of Programming & Development,https://www.udacity.com//course/intro-to-ajax--ud110,"Learn how to perform asynchronous requests as you build a web app with data from Google Street View, the New York Times and Wikipedia!","Asynchronous requests with JavaScript, Data APIs, Web Applications, Site Customization"
Intro to Algorithms,intermediate4 Months,School of Programming & Development,https://www.udacity.com//course/intro-to-algorithms--cs215,"This class will give you an introduction to the design and analysis of algorithms, enabling you to analyze networks and discover how individuals are connected.","Algorithms, Social Networks, Graph Algorithms"
The MVC Pattern in Ruby,intermediate1 Week,School of Programming & Development,https://www.udacity.com//course/the-mvc-pattern-in-ruby--ud270,"In this course you’ll learn how to organize your code, and why that’s important. You’ll be using the MVC Design Pattern in the web application micro-framework Sinatra.","Ruby, Sinatra, MVC Design Pattern, Writing organized code"
WeChat Mini Program Development,beginner4 Weeks,School of Programming & Development,https://www.udacity.com//course/wechat-mini-programs--ud667,"Developed by Tencent and Udacity, this course will teach you to build your first Mini Program.",
Asynchronous JavaScript Requests,intermediate3 Weeks,School of Programming & Development,https://www.udacity.com//course/asynchronous-javascript-requests--ud109,Learn how to asynchronously request data in your web applications with Ajax.,"Asynchronous Data Retrieval, Ajax with XHR, Ajax with jQuery, Ajax with Fetch"
Embedded Systems,intermediate16 Weeks,School of Programming & Development,https://www.udacity.com//course/embedded-systems--ud169,"This course takes a holistic view of the embedded system stack focusing on processor architectures, instruction sets, and the associated advanced compiler optimizations.","VLIW Architecture, Compilers for Embedded Systems, Differential Register Allocation, Network Processors, Multithreaded Processing"
High Performance Computing,advanced4 Months,School of Programming & Development,https://www.udacity.com//course/high-performance-computing--ud281,"This course will give you solid foundations for developing, analyzing, and implementing parallel and locality-efficient algorithms.  Offered at Georgia Tech as CS6220","Shared Memory Models, Parallel Algorithms, Distributed Memory Models, Message Passing Interfaces, Hierarchical Memory Models"
HTTP & Web Servers,intermediate1 Week,School of Programming & Development,https://www.udacity.com//course/http-web-servers--ud303,HTTP is the fundamental protocol of the Web. Explore how it works using Python code and command-line tools.,"HTTP, Python, Deploying services"
Advanced Android with Kotlin,intermediate2 Months,School of Programming & Development,https://www.udacity.com//course/advanced-android-with-kotlin--ud940,Develop Feature-Rich Android Apps with the Kotlin Programming Language.,"Kotlin, Android"
"Computability, Complexity & Algorithms",advanced,School of Programming & Development,https://www.udacity.com//course/computability-complexity-algorithms--ud061,Learn tools and techniques that will help you recognize when problems you encounter are intractable and when there an efficient solution.,
Advanced Operating Systems,advanced5 Weeks,School of Programming & Development,https://www.udacity.com//course/advanced-operating-systems--ud189,,"Operating System Kernels, Virtualization, Distributed Systems, Cloud Computing, Real-Time Operating Systems"
Passwordless Login Solutions for iOS,intermediate1 Week,School of Programming & Development,https://www.udacity.com//course/passwordless-login-solutions-for-ios--ud1028,"In this course you'll implement Account Kit and Facebook Login side by side in a sample app, test our login flow on a series of common use cases, and wrap things up with an introduction to Facebook’s Graph API.","Account Kit, Facebook SDK, Graph API"
Version Control with Git,beginner4 Weeks,School of Programming & Development,https://www.udacity.com//course/version-control-with-git--ud123,"Learn how to use Git, a popular Version Control System and essential tool for any developer.","Git, Version Control, Creating a Git repo, Editing commits"
Firebase in a Weekend: iOS,intermediate2 Days,School of Programming & Development,https://www.udacity.com//course/firebase-in-a-weekend-by-google-ios--ud0351,This course will teach you when and why to choose Firebase as a backend for your iOS application.,Android Development
Intro to Point & Click App Development,beginner1 Month,School of Programming & Development,https://www.udacity.com//course/intro-to-point-click-app-development--ud162,In this short class you'll build powerful apps without writing code. Great if you're an aspiring developer or someone who wants to learn what programmers do.,"Salesforce App Development, Schema Building, Data Modeling"
Deploying Applications with Heroku,intermediate1 Week,School of Programming & Development,https://www.udacity.com//course/deploying-applications-with-heroku--ud272,Deploy your first web application using the Heroku platform and learn about the underlying mechanics of web hosting.,"App Deployment, Heroku"
Applied Cryptography,advanced2 Months,School of Programming & Development,https://www.udacity.com//course/applied-cryptography--cs387,"Cryptography is present in everyday life, from paying with a credit card to using the telephone.  Learn all about making and breaking puzzles in computing.","Cryptography, Ciphers, Encryption"
Java Programming Basics,beginner6 Weeks,School of Programming & Development,https://www.udacity.com//course/java-programming-basics--ud282,"Take your first steps towards becoming a Java developer! Learn Java syntax and create conditional statements, loops, and functions.","Java Programming, Java Syntax, Java Functions, Loops"
C++ For Programmers,intermediate3 Weeks,School of Programming & Development,https://www.udacity.com//course/c-for-programmers--ud210,"This course teaches C++ to students already familiar with a programming language. Students will learn how to use header files, control flow, functions, classes.","Pointers and Arrays, Control Flow, Object-Oriented Programming, C++ Templates, C++ Standard Library"
Intro to Backend,intermediate3 Weeks,School of Programming & Development,https://www.udacity.com//course/intro-to-backend--ud171,Learn to build a multiuser blog with Google App Engine that permits users to sign in,"User Input, Producing templated output, Databases and data stores, Secure user account systems"
JavaScript and the DOM,intermediate4 Weeks,School of Programming & Development,https://www.udacity.com//course/javascript-and-the-dom--ud117,,
Firebase Analytics: Android,intermediate2 Days,School of Programming & Development,https://www.udacity.com//course/firebase-analytics-android--ud354,"Learn how to grow an app's user base using Firebase Analytics, a free and unlimited analytics solution","Android Development, Firebase, Analytics"
Configuring Linux Web Servers,1 Week,School of Programming & Development,https://www.udacity.com//course/configuring-linux-web-servers--ud299,,
How to Make an iOS App,advanced3 Months,School of Programming & Development,https://www.udacity.com//course/how-to-make-an-ios-app--ud607,"Learn the process of building an app, taking your ideas from drawing board to App Store!","iOS, Ideation and Research, UI, App Store"
Intro to DevOps,advanced3 Weeks,School of Programming & Development,https://www.udacity.com//course/intro-to-devops--ud611,"Learn all about the DevOps landscape, workflow, and a survey of the systems currently being used to support scalable software deployment.","DevOps, CAMS principles, Continuous Integration, Delivery workflows"
Google Maps APIs,intermediate2 Weeks,School of Programming & Development,https://www.udacity.com//course/google-maps-apis--ud864,This course will introduce you to the content available through the Google Maps APIs through building a real-estate listings web application step-by-step.,"Google Maps APIs, Static Maps, Street View imagery, monitoring API usage"
Passwordless Login Solutions for Android,1 Week,School of Programming & Development,https://www.udacity.com//course/passwordless-login-solutions-for-android--ud357,,
Mobile Design and Usability for Android,intermediate2 Weeks,School of Programming & Development,https://www.udacity.com//course/mobile-design-and-usability-for-android--ud358,"In this course, taught in collaboration with Facebook, you'll learn how to design an intuitive, user-centered mobile app, from product conception to release.","Android, Mobile Design, Usability"
iOS Design Patterns,intermediate2 Days,School of Programming & Development,https://www.udacity.com//course/ios-design-patterns--ud1029,"In this course, you'll explore iOS design patterns — the practical and battle-tested solutions to common problems that are used everyday by developers.",
Intro to Psychology,beginner4 Months,School of Programming & Development,https://www.udacity.com//course/intro-to-psychology--ps001,Go on a journey through psychological concepts and principles to enable you to gain a more in-depth understanding of human thought and behavior.,"Pyschology, Research Methods, Biology"
Engagement & Monetization | Mobile Games,beginner3 Weeks,School of Programming & Development,https://www.udacity.com//course/engagement-monetization-mobile-games--ud407,"You will learn the most effective monetization strategies for your game, how to  keep your players interested and engaged, so that your game stands out in the app store.","Game Development, Monetization, Engagement"
Material Design for Android Developers,intermediate4 Weeks,School of Programming & Development,https://www.udacity.com//course/material-design-for-android-developers--ud862,Learn and apply the material design principles that define Android's visual language to your apps.,"Android Development, Material Design, Surfaces, Graphic Design"
Craft Your Cover Letter,beginner1 Day,Career Advancement,https://www.udacity.com//course/craft-your-cover-letter--ud244,Write a compelling narrative that showcases your value to the company.,"Creating a narrative, Targeting your pitch, Communicating value, Career Advancement"
Refresh Your Resume,beginner2 Days,Career Advancement,https://www.udacity.com//course/refresh-your-resume--ud243,Create a targeted resume that gets the attention of recruiters and lands you an interview in tech.,"Resume writing, Company targeting, Storytelling, Career Advancement"
Strengthen Your LinkedIn Network & Brand,beginner1 Week,Career Advancement,https://www.udacity.com//course/strengthen-your-linkedin-network-and-brand--ud242,Learn how to excel at networking both in-person and on LinkedIn.,"Personal branding, LinkedIn, Networking, Career Advancement"
Data Science Interview Prep,intermediate1 Week,Career Advancement,https://www.udacity.com//course/data-science-interview-prep--ud944,"Prepare for data science interviews by practicing data analysis, machine learning, and data structure and algorithms questions.","Interview practice, Common Data Questions, Data Structures, Career Advancement"
Android Interview Prep,intermediate1 Week,Career Advancement,https://www.udacity.com//course/android-interview-prep--ud241,Learn how to respond to common Android and mobile development interview questions.,"Interview practice, Common Android Questions, Whiteboarding"
Machine Learning Interview Preparation,intermediate1 Week,Career Advancement,https://www.udacity.com//course/machine-learning-interview-prep--ud1001,"In this course, you’ll learn exactly what to expect during a machine learning interview.","Interview practice, Machine Learning, Career Advancement"
Front-End Interview Prep,intermediate1 Week,Career Advancement,https://www.udacity.com//course/front-end-interview-prep--ud250,Answer front-end technical and behavioral interview questions with confidence and poise.,"Interview questions, Common FE Questions, Whiteboarding, Career Advancement"
Full-Stack Interview Prep,intermediate1 Week,Career Advancement,https://www.udacity.com//course/full-stack-interview-prep--ud252,Answer common full stack and web security interview questions with confidence and poise.,"Interview practice, Common FS Questions, Whiteboarding, Career Advancement"
Data Structures & Algorithms in Swift,intermediate4 Weeks,Career Advancement,https://www.udacity.com//course/data-structures-and-algorithms-in-swift--ud1011,Review and practice the skills technical interviewers expect you to know and learn how to explain your Swift solutions.,"Interview practice, Swift, Data structures, Career Advancement"
iOS Interview Prep,intermediate1 Week,Career Advancement,https://www.udacity.com//course/ios-interview-prep--ud240,Answer iOS and mobile development interview questions with confidence and poise.,"Interview practice, Common iOS Questions, Whiteboarding, Career Advancement"
VR Interview Prep,intermediate1 Week,Career Advancement,https://www.udacity.com//course/vr-interview-prep--ud251,Learn how to tackle interview questions for technical roles in VR Development.,"Interview practice, Common VR Questions, Whiteboarding, Career Advancement"
